sample,extraction,sequence,count,length,taxonomy,accession
163064,A,"aactgggattagataccccactatgcttagccctaaacataaatagttatataaacaaaa
ctattcgccagagtactaccggcaatagcttaaaactcaaaggacttggcggtgctttat
acccttctagaggagcctgttcta",27,144,WTD,KX381756.1
163064,A,"aactgggattagataccccactatgcttagccctaaacctagataattccagaacaaaat
tattcgccagagaactacaagccagagcttaaaactcaaaggacttggcggtgctttata
cccgcctagaggagcctgttcta",35,143,SHH,KJ397613.1
163064,A,"aactgggattagataccccactatgcttagccctaaacctagatagttaactcaaacaaa
actatccgccagagaactactagcaacagcttaaaactcaaaggacttggcggtgcttta
catccctctagaggagcctgttcta",682,145,Bobcat,KX381465.1
163064,B,"aactgggattagataccccactatgcttagccctaaacataaatagttatataaacaaaa
ctattcgccagagtactaccggcaatagcttaaaactcaaaggacttggcggtgctttat
acccttctagaggagcctgttcta",98,144,WTD,KX381756.1
163064,B,"aactgggattagataccccactatgcttagccctaaacctagataattccagaacaaaat
tattcgccagagaactacaagccagagcttaaaactcaaaggacttggcggtgctttata
cccgcctagaggagcctgttcta",131,143,SHH,KJ397613.1
163064,B,"aactgggattagataccccactatgcttagccctaaacctagatagttaactcaaacaaa
actatccgccagagaactactagcaacagcttaaaactcaaaggacttggcggtgcttta
catccctctagaggagcctgttcta",315,145,Bobcat,KX381465.1
163209,A,"aactgggattagataccccactatgcttagccctaaacctagataattccagaacaaaat
tattcgccagagaactacaagccagagcttaaaactcaaaggacttggcggtgctttata
cccgcctagaggagcctgttcta",126,143,SHH,KJ397613.1
163209,A,"aactgggattagataccccactatgcttagccctaaacctagatagttaacttaaacaaa
actatccgccagagaactactagcaacagcttaaaactcaaaggacttggcggtgcttta
catccctctagaggagcctgttcta
catccctctagaggagcctgttcta",582,145,Cougar,KX808231.1
163209,A,"aactgggattagataccccactatgcttagccctaaacctcaacagttaaatcaacaaaa
ctgctcgccagaacactacgagccacagcttaaaactcaaaggacctggcggtgcttcat
atccctctagaggagcctgttcta",2,144,Human,MF381576.1
163209,A,"actgggattagataccccactatgcttagccctaaacctagatagttaacttaaacaaaa
ctatccgccagagaactactagcaacagcttaaaactcaaaggacttggcggtgctttac
atccctctagaggagcctgttcta",3,144,Cougar,KX808231.1
163530,A,"aactgggattagataccccactatgcctagccttaaacacaaatagttatgtaaacaaga
ctgttcgccagagtactaccggcaatagcttaaaactcaaaggacttggcggtgctttat
acccttctagaggagcctgttcta",230,144,Elk,KU942399.1
163530,A,"aactgggattagataccccactatgcttagccctaaacacaaataattatatcaacaaaa
ttattcgccagagtactaccggcaatagcctaaaactcaaaggacttggcggtgctttat
acccttctagaggagcctgttcta",43,144,Moose,KP405229.1
163530,A,"aactgggattagataccccactatgcttagccctaaacataaatagttatataaacaaaa
ctattcgccagagtactaccggcaatagcttaaaactcaaaggacttggcggtgctttat
acccttctagaggagcctgttcta",21,144,WTD,KX381756.1
163530,A,"aactgggattagataccccactatgcttagccctaaacatagataattttacaacaaaat
aattcgccagaggactactagcaatagcttaaaactcaaaggacttggcggtgctttata
tccctctagaggagcctgttcta",253,143,Wolf,MH105047.1
163530,B,"aactgggattagataccccactatgcctagccttaaacacaaatagttatgtaaacaaga
ctgttcgccagagtactaccggcaatagcttaaaactcaaaggacttggcggtgctttat
acccttctagaggagcctgttcta",228,144,Elk,KU942399.1
163530,B,"aactgggattagataccccactatgcttagccctaaacacaaataattatatcaacaaaa
ttattcgccagagtactaccggcaatagcctaaaactcaaaggacttggcggtgctttat
acccttctagaggagcctgttcta",36,144,Moose,KP405229.1
163530,B,"aactgggattagataccccactatgcttagccctaaacataaatagttatataaacaaaa
ctattcgccagagtactaccggcaatagcttaaaactcaaaggacttggcggtgctttat
acccttctagaggagcctgttcta",29,144,WTD,KX381756.1
163530,B,"aactgggattagataccccactatgcttagccctaaacatagataattttacaacaaaat
aattcgccagaggactactagcaatagcttaaaactcaaaggacttggcggtgctttata
tccctctagaggagcctgttcta",240,143,Wolf,MH105047.1
163530,B,"aactgggattagataccccactatgcttagccctaaacctagataattccagaacaaaat
tattcgccagagaactacaagccagagcttaaaactcaaaggacttggcggtgctttata
cccgcctagaggagcctgttcta",2,143,SHH,KJ397613.1
163530,B,"actgggattagataccccactatgcttagccctaaacatagataattttacaacaaaata
attcgccagaggactactagcaatagcttaaaactcaaaggacttggcggtgctttatat
ccctctagaggagcctgttcta",3,142,Wolf,MH105047.1
164157,A,"aactgggattagataccccactatgcttagccctaaacacaaatactcaataaacaagag
tattcgccagagtactactagcaacagcctaaaactcaaaggacttggcggtgctttaca
tccctctagaggagcctgttcta",5,143,YPC,KY070157.1
164157,A,"aactgggattagataccccactatgcttagccctaaacataaatagttatataaacaaaa
ctattcgccagagtactaccggcaatagcttaaaactcaaaggacttggcggtgctttat
acccttctagaggagcctgttcta",15,144,WTD,KX381756.1
164157,A,"aactgggattagataccccactatgcttagccctaaacctagataattccagaacaaaat
tattcgccagagaactacaagccagagcttaaaactcaaaggacttggcggtgctttata
cccgcctagaggagcctgttcta",200,143,SHH,KJ397613.1
164157,A,"aactgggattagataccccactatgcttagccctaaacctagatagttaacttaaacaaa
actatccgccagagaactactagcaacagcttaaaactcaaaggacttggcggtgcttta
catccctctagaggagcctgttcta",414,145,Cougar,KX808231.1
164157,A,"actgggattagataccccactatgcttagccctaaacctagatagttaacttaaacaaaa
ctatccgccagagaactactagcaacagcttaaaactcaaaggacttggcggtgctttac
atccctctagaggagcctgttcta",3,144,Cougar,KX808231.1
164157,B,"aactgggattagataccccactatgcttagccctaaacacaaatactcaataaacaagag
tattcgccagagtactactagcaacagcctaaaactcaaaggacttggcggtgctttaca
tccctctagaggagcctgttcta",2,143,YPC,KY070157.1
164157,B,"aactgggattagataccccactatgcttagccctaaacataaatagttatataaacaaaa
ctattcgccagagtactaccggcaatagcttaaaactcaaaggacttggcggtgctttat
acccttctagaggagcctgttcta",40,144,WTD,KX381756.1
164157,B,"aactgggattagataccccactatgcttagccctaaacctagataattccagaacaaaat
tattcgccagagaactacaagccagagcttaaaactcaaaggacttggcggtgctttata
cccgcctagaggagcctgttcta",38,143,SHH,KJ397613.1
164157,B,"aactgggattagataccccactatgcttagccctaaacctagatagttaacttaaacaaa
actatccgccagagaactactagcaacagcttaaaactcaaaggacttggcggtgcttta
catccctctagaggagcctgttcta",569,145,Cougar,KX808231.1
170144,A,"aactgggattagataccccactatgcttagccctaaacacaaataattatatcaacaaaa
ttattcgccagagtactaccggcaatagcctaaaactcaaaggacttggcggtgctttat
acccttctagaggagcctgttcta",9,144,Moose,KP405229.1
170144,A,"aactgggattagataccccactatgcttagccctaaacatagataattttacaacaaaat
aattcgccagaggactactagcaatagcttaaaactcaaaggacttggcggtgctttata
tccctctagaggagcctgttcta",128,143,Coyote,MH891616.1
170144,A,"aactgggattagataccccactatgcttagccctaaacctagataattccagaacaaaat
tattcgccagagaactacaagccagagcttaaaactcaaaggacttggcggtgctttata
cccgcctagaggagcctgttcta",455,143,SHH,KJ397613.1
170144,A,"actgggattagataccccactatgcttagccctaaacctagataattccagaacaaaatt
attcgccagagaactacaagccagagcttaaaactcaaaggacttggcggtgctttatac
ccgcctagaggagcctgttcta",2,142,SHH,KJ397613.1
170144,B,"aactgggattagataccccactatgcttagccctaaacacaaataattatatcaacaaaa
ttattcgccagagtactaccggcaatagcctaaaactcaaaggacttggcggtgctttat
acccttctagaggagcctgttcta",11,144,Moose,KP405229.1
170144,B,"aactgggattagataccccactatgcttagccctaaacataaatagttatataaacaaaa
ctattcgccagagtactaccggcaatagcttaaaactcaaaggacttggcggtgctttat
acccttctagaggagcctgttcta",5,144,WTD,KX381756.1
170144,B,"aactgggattagataccccactatgcttagccctaaacatagataattttacaacaaaat
aattcgccagaggactactagcaatagcttaaaactcaaaggacttggcggtgctttata
tccctctagaggagcctgttcta",110,143,Coyote,MH891616.1
170144,B,"aactgggattagataccccactatgcttagccctaaacctagataattccagaacaaaat
tattcgccagagaactacaagccagagcttaaaactcaaaggacttggcggtgctttata
cccgcctagaggagcctgttcta",524,143,SHH,KJ397613.1